timestamp,unit_id,unit_type,empire_or_resistance,location_x,location_y,destination_x,destination_y,homeworld
2025-07-08 14:20:53,1,tie_fighter,empire,7,10,5,6,Champala
2025-07-08 14:20:52,2,tie_fighter,resistance,4,2,5,10,Mirial
2025-07-08 14:20:51,3,at-st,empire,3,7,7,10,Muunilinst
2025-07-08 14:20:50,4,tie_fighter,empire,10,6,3,1,Quermia
2025-07-08 14:20:49,5,resistance_soldier,resistance,9,9,10,1,Tatooine
2025-07-08 14:20:48,6,resistance_soldier,empire,8,1,5,6,Glee Anselm
2025-07-08 14:20:47,7,stormtrooper,empire,1,7,7,7,Umbara
2025-07-08 14:20:46,8,tie_fighter,resistance,8,2,3,1,Iridonia
2025-07-08 14:20:45,9,resistance_soldier,resistance,7,8,9,5,Bestine IV
2025-07-08 14:20:44,10,stormtrooper,resistance,9,9,1,8,Zolan
2025-07-08 14:20:43,11,tie_silencer,empire,4,7,8,9,Dagobah
2025-07-08 14:20:42,12,tie_fighter,resistance,7,4,10,7,Ryloth
2025-07-08 14:20:41,13,at-at,empire,10,8,2,6,Corellia
2025-07-08 14:20:40,14,at-st,resistance,9,6,8,8,Mirial
2025-07-08 14:20:39,15,unknown,empire,3,7,2,7,Iktotch
2025-07-08 14:20:38,16,tie_silencer,empire,4,1,4,5,Stewjon
2025-07-08 14:20:37,17,tie_silencer,empire,5,6,2,8,Malastare
2025-07-08 14:20:36,18,x-wing,resistance,10,6,6,7,Umbara
2025-07-08 14:20:35,19,unknown,resistance,2,3,6,2,Dorin
2025-07-08 14:20:34,20,unknown,resistance,9,9,4,3,Rodia
2025-07-08 14:20:33,21,at-st,resistance,7,3,9,1,Chandrila
2025-07-08 14:20:32,22,x-wing,resistance,4,10,7,7,Sullust
2025-07-08 14:20:31,23,at-st,empire,3,1,10,4,Muunilinst
2025-07-08 14:20:30,24,stormtrooper,resistance,8,4,1,5,Zolan
2025-07-08 14:20:29,25,tie_fighter,empire,5,6,5,4,Shili
2025-07-08 14:20:28,26,resistance_soldier,resistance,2,1,7,7,Kashyyyk
2025-07-08 14:20:27,27,unknown,empire,2,7,9,2,Aleen Minor
2025-07-08 14:20:26,28,at-st,resistance,4,2,8,2,Tholoth
2025-07-08 14:20:25,29,x-wing,empire,9,1,9,2,Dorin
2025-07-08 14:20:24,30,unknown,resistance,1,5,10,1,Troiken
2025-07-08 14:20:23,31,at-st,resistance,1,10,4,7,Sullust
2025-07-08 14:20:22,32,unknown,empire,1,9,7,7,Ojom
2025-07-08 14:20:21,33,tie_fighter,empire,8,5,10,8,Iridonia
2025-07-08 14:20:20,34,at-at,resistance,10,10,9,5,Mon Cala
2025-07-08 14:20:19,35,tie_silencer,empire,7,3,4,9,Umbara
2025-07-08 14:20:18,36,tie_fighter,empire,2,10,2,6,Tund
2025-07-08 14:20:17,37,at-at,resistance,7,5,2,8,Socorro
2025-07-08 14:20:16,38,tie_silencer,resistance,10,9,9,9,Alderaan
2025-07-08 14:20:15,39,tie_fighter,empire,1,5,7,5,Skako
2025-07-08 14:20:14,40,resistance_soldier,empire,10,5,7,8,Stewjon
2025-07-08 14:20:13,41,stormtrooper,resistance,5,8,6,1,Sullust
2025-07-08 14:20:12,42,at-at,resistance,1,1,1,9,Shili
2025-07-08 14:20:11,43,x-wing,empire,9,9,5,7,Muunilinst
2025-07-08 14:20:10,44,at-at,empire,7,5,7,3,Vulpter
2025-07-08 14:20:09,45,stormtrooper,resistance,9,7,2,7,Dathomir
2025-07-08 14:20:08,46,at-at,empire,5,4,9,2,Eriadu
2025-07-08 14:20:07,47,tie_fighter,empire,2,1,3,1,Champala
2025-07-08 14:20:06,48,x-wing,resistance,8,10,4,8,Champala
2025-07-08 14:20:05,49,tie_fighter,empire,1,9,9,2,Glee Anselm
2025-07-08 14:20:04,50,at-at,resistance,7,10,9,2,Malastare
2025-07-08 14:20:03,51,tie_fighter,resistance,2,4,4,1,Sullust
2025-07-08 14:20:02,52,at-at,resistance,3,2,9,9,Sullust
2025-07-08 14:20:01,53,stormtrooper,resistance,6,8,7,6,Concord Dawn
2025-07-08 14:20:00,54,unknown,empire,1,8,8,2,Iridonia
2025-07-08 14:19:59,55,x-wing,resistance,8,9,3,3,Socorro
2025-07-08 14:19:58,56,at-st,empire,3,5,1,4,Troiken
2025-07-08 14:19:57,57,stormtrooper,empire,10,5,7,2,Dorin
2025-07-08 14:19:56,58,at-st,empire,6,8,4,10,Eriadu
2025-07-08 14:19:55,59,at-st,resistance,10,10,8,9,Socorro
2025-07-08 14:19:54,60,x-wing,resistance,9,4,2,9,Chandrila
2025-07-08 14:19:53,61,x-wing,resistance,3,8,1,4,Umbara
2025-07-08 14:19:52,62,at-at,resistance,8,3,2,6,Socorro
2025-07-08 14:19:51,63,tie_fighter,resistance,5,6,6,10,Iridonia
2025-07-08 14:19:50,64,at-at,resistance,2,8,10,6,Aleen Minor
2025-07-08 14:19:49,65,resistance_soldier,resistance,3,1,2,7,Champala
2025-07-08 14:19:48,66,resistance_soldier,resistance,10,4,9,2,Mon Cala
2025-07-08 14:19:47,67,resistance_soldier,empire,7,3,1,1,Zolan
2025-07-08 14:19:46,68,x-wing,resistance,1,9,1,6,Naboo
2025-07-08 14:19:45,69,stormtrooper,empire,9,6,2,8,Stewjon
2025-07-08 14:19:44,70,at-at,empire,6,1,2,4,Dorin
2025-07-08 14:19:43,71,tie_silencer,resistance,7,8,1,4,Glee Anselm
2025-07-08 14:19:42,72,resistance_soldier,resistance,5,1,3,10,Iktotch
2025-07-08 14:19:41,73,at-at,empire,8,10,5,2,Umbara
2025-07-08 14:19:40,74,tie_fighter,empire,9,8,5,5,Aleen Minor
2025-07-08 14:19:39,75,unknown,empire,8,6,10,6,Dathomir
2025-07-08 14:19:38,76,at-st,resistance,6,7,2,8,Vulpter
2025-07-08 14:19:37,77,x-wing,resistance,6,2,3,10,Alderaan
2025-07-08 14:19:36,78,tie_fighter,resistance,3,7,1,9,Mon Cala
2025-07-08 14:19:35,79,x-wing,empire,3,5,5,5,Tund
2025-07-08 14:19:34,80,at-st,resistance,9,9,9,2,Dorin
2025-07-08 14:19:33,81,tie_silencer,resistance,10,9,10,7,Rodia
2025-07-08 14:19:32,82,unknown,empire,1,5,1,10,Serenno
2025-07-08 14:19:31,83,stormtrooper,empire,1,3,3,3,Tatooine
2025-07-08 14:19:30,84,unknown,empire,1,3,4,2,Aleen Minor
2025-07-08 14:19:29,85,unknown,empire,3,3,10,3,Kashyyyk
2025-07-08 14:19:28,86,unknown,empire,4,9,3,1,Skako
2025-07-08 14:19:27,87,unknown,resistance,8,6,10,2,Bestine IV
2025-07-08 14:19:26,88,at-st,resistance,6,8,3,3,Ojom
2025-07-08 14:19:25,89,unknown,resistance,1,7,7,6,Iktotch
2025-07-08 14:19:24,90,at-at,empire,6,5,6,5,Corellia
2025-07-08 14:19:23,91,at-at,empire,10,10,7,7,Corellia
2025-07-08 14:19:22,92,at-st,empire,9,5,7,3,Trandosha
2025-07-08 14:19:21,93,x-wing,empire,4,9,10,5,Vulpter
2025-07-08 14:19:20,94,tie_silencer,resistance,8,8,5,3,Ojom
2025-07-08 14:19:19,95,x-wing,empire,8,3,10,5,Eriadu
2025-07-08 14:19:18,96,tie_silencer,empire,9,9,9,2,Dorin
2025-07-08 14:19:17,97,at-at,empire,8,7,5,10,Aleen Minor
2025-07-08 14:19:16,98,at-st,empire,9,5,1,9,Ryloth
2025-07-08 14:19:15,99,tie_silencer,resistance,3,3,4,5,Haruun Kal
2025-07-08 14:19:14,100,stormtrooper,empire,1,5,1,8,Tatooine
2025-07-08 14:19:13,101,x-wing,empire,9,6,10,6,Rodia
2025-07-08 14:19:12,102,at-at,resistance,7,1,5,8,Mon Cala
2025-07-08 14:19:11,103,at-st,resistance,4,7,3,4,Kashyyyk
2025-07-08 14:19:10,104,unknown,resistance,3,7,7,8,Kashyyyk
2025-07-08 14:19:09,105,resistance_soldier,empire,10,6,7,8,Rodia
2025-07-08 14:19:08,106,stormtrooper,empire,2,4,3,3,Kalee
2025-07-08 14:19:07,107,at-at,resistance,5,2,2,5,Mon Cala
2025-07-08 14:19:06,108,resistance_soldier,empire,3,7,10,10,Cerea
2025-07-08 14:19:05,109,x-wing,resistance,1,7,1,3,Eriadu
2025-07-08 14:19:04,110,unknown,empire,3,3,4,1,Troiken
2025-07-08 14:19:03,111,tie_silencer,empire,1,4,7,6,Corellia
2025-07-08 14:19:02,112,unknown,empire,10,3,10,5,Tatooine
2025-07-08 14:19:01,113,resistance_soldier,empire,8,4,5,3,Corellia
2025-07-08 14:19:00,114,at-st,empire,8,7,2,5,Naboo
2025-07-08 14:18:59,115,at-at,empire,10,8,5,3,Tholoth
2025-07-08 14:18:58,116,at-st,empire,4,10,3,8,Toydaria
2025-07-08 14:18:57,117,x-wing,resistance,7,5,9,9,Troiken
2025-07-08 14:18:56,118,stormtrooper,empire,1,7,6,5,Dathomir
2025-07-08 14:18:55,119,at-st,empire,6,4,3,4,Tund
2025-07-08 14:18:54,120,tie_fighter,resistance,10,4,4,8,Concord Dawn
2025-07-08 14:18:53,121,at-at,resistance,3,3,3,1,Mon Cala
2025-07-08 14:18:52,122,unknown,empire,6,8,7,9,Muunilinst
2025-07-08 14:18:51,123,unknown,resistance,5,9,6,4,Tholoth
2025-07-08 14:18:50,124,unknown,empire,10,3,3,9,Vulpter
2025-07-08 14:18:49,125,unknown,resistance,5,2,9,3,Kashyyyk
2025-07-08 14:18:48,126,unknown,resistance,9,10,4,2,Mon Cala
2025-07-08 14:18:47,127,resistance_soldier,empire,10,7,2,8,Dorin
2025-07-08 14:18:46,128,resistance_soldier,resistance,3,10,4,5,Socorro
2025-07-08 14:18:45,129,at-at,resistance,7,9,6,5,Tatooine
2025-07-08 14:18:44,130,at-st,resistance,4,9,8,7,Iridonia
2025-07-08 14:18:43,131,at-at,resistance,6,1,4,5,Dagobah
2025-07-08 14:18:42,132,at-at,resistance,5,3,1,10,Chandrila
2025-07-08 14:18:41,133,at-at,empire,1,3,4,9,Toydaria
2025-07-08 14:18:40,134,at-at,empire,1,6,6,7,Corellia
2025-07-08 14:18:39,135,x-wing,resistance,9,9,7,10,Naboo
2025-07-08 14:18:38,136,at-st,resistance,7,7,8,4,Naboo
2025-07-08 14:18:37,137,resistance_soldier,resistance,4,1,3,4,Troiken
2025-07-08 14:18:36,138,stormtrooper,resistance,9,8,9,7,Dathomir
2025-07-08 14:18:35,139,unknown,resistance,3,1,6,9,Naboo
2025-07-08 14:18:34,140,tie_silencer,empire,5,1,10,8,Zolan
2025-07-08 14:18:33,141,resistance_soldier,empire,3,9,8,4,Ojom
2025-07-08 14:18:32,142,at-st,resistance,4,6,7,9,Bestine IV
2025-07-08 14:18:31,143,at-st,resistance,4,10,2,2,Ryloth
2025-07-08 14:18:30,144,resistance_soldier,resistance,7,1,9,6,Aleen Minor
2025-07-08 14:18:29,145,at-st,resistance,2,1,4,7,Aleen Minor
2025-07-08 14:18:28,146,tie_fighter,resistance,5,8,8,2,Troiken
2025-07-08 14:18:27,147,resistance_soldier,empire,10,8,4,3,Eriadu
2025-07-08 14:18:26,148,tie_silencer,empire,2,1,1,8,Champala
2025-07-08 14:18:25,149,tie_fighter,empire,2,8,4,4,Trandosha
2025-07-08 14:18:24,150,tie_silencer,resistance,1,5,8,7,Kalee
2025-07-08 14:18:23,151,unknown,empire,2,6,3,9,Serenno
2025-07-08 14:18:22,152,x-wing,resistance,4,4,7,7,Ryloth
2025-07-08 14:18:21,153,tie_silencer,resistance,1,5,2,9,Alderaan
2025-07-08 14:18:20,154,x-wing,empire,5,3,8,1,Cerea
2025-07-08 14:18:19,155,resistance_soldier,resistance,5,9,3,9,Champala
2025-07-08 14:18:18,156,tie_fighter,resistance,10,5,7,5,Bestine IV
2025-07-08 14:18:17,157,x-wing,empire,4,1,5,9,Stewjon
2025-07-08 14:18:16,158,at-at,empire,9,2,3,9,Ojom
2025-07-08 14:18:15,159,at-at,empire,7,5,2,2,Tund
2025-07-08 14:18:14,160,x-wing,resistance,6,8,2,1,Socorro
2025-07-08 14:18:13,161,stormtrooper,empire,3,6,8,7,Kalee
2025-07-08 14:18:12,162,tie_silencer,resistance,10,4,9,9,Kashyyyk
2025-07-08 14:18:11,163,unknown,empire,4,5,1,8,Quermia
2025-07-08 14:18:10,164,x-wing,resistance,4,1,4,3,Mon Cala
2025-07-08 14:18:09,165,tie_fighter,empire,9,2,4,7,Vulpter
2025-07-08 14:18:08,166,tie_fighter,empire,8,8,5,2,Tund
2025-07-08 14:18:07,167,unknown,resistance,9,1,6,2,Shili
2025-07-08 14:18:06,168,unknown,resistance,6,5,7,10,Haruun Kal
2025-07-08 14:18:05,169,resistance_soldier,resistance,9,7,8,4,Kashyyyk
2025-07-08 14:18:04,170,resistance_soldier,empire,10,8,1,8,Troiken
2025-07-08 14:18:03,171,tie_fighter,empire,7,9,2,2,Mirial
2025-07-08 14:18:02,172,resistance_soldier,empire,1,10,1,1,Cerea
2025-07-08 14:18:01,173,tie_fighter,empire,7,1,9,1,Corellia
2025-07-08 14:18:00,174,tie_silencer,empire,6,5,7,4,Cerea
2025-07-08 14:17:59,175,unknown,resistance,9,4,6,9,Umbara
2025-07-08 14:17:58,176,at-at,resistance,1,10,9,6,Naboo
2025-07-08 14:17:57,177,at-st,resistance,7,4,3,9,Alderaan
2025-07-08 14:17:56,178,unknown,empire,4,7,1,9,Trandosha
2025-07-08 14:17:55,179,stormtrooper,resistance,10,3,4,5,Naboo
2025-07-08 14:17:54,180,resistance_soldier,resistance,5,1,10,6,Aleen Minor
2025-07-08 14:17:53,181,tie_silencer,empire,6,7,8,2,Iktotch
2025-07-08 14:17:52,182,stormtrooper,empire,6,7,3,4,Stewjon
2025-07-08 14:17:51,183,at-st,resistance,9,2,10,7,Malastare
2025-07-08 14:17:50,184,tie_fighter,resistance,7,8,9,8,Iridonia
2025-07-08 14:17:49,185,at-at,empire,2,5,6,3,Serenno
2025-07-08 14:17:48,186,unknown,resistance,6,4,6,8,Mirial
2025-07-08 14:17:47,187,tie_silencer,resistance,6,5,4,8,Chandrila
2025-07-08 14:17:46,188,at-st,empire,7,1,7,4,Tund
2025-07-08 14:17:45,189,at-at,empire,7,5,5,8,Skako
2025-07-08 14:17:44,190,tie_silencer,resistance,5,7,3,7,Vulpter
2025-07-08 14:17:43,191,unknown,resistance,5,2,6,5,Chandrila
2025-07-08 14:17:42,192,x-wing,resistance,7,2,10,4,Tund
2025-07-08 14:17:41,193,unknown,empire,7,7,10,4,Rodia
2025-07-08 14:17:40,194,at-at,empire,4,6,8,8,Tholoth
2025-07-08 14:17:39,195,tie_fighter,resistance,9,2,6,7,Ryloth
2025-07-08 14:17:38,196,stormtrooper,empire,4,7,1,5,Vulpter
2025-07-08 14:17:37,197,stormtrooper,resistance,6,8,10,7,Muunilinst
2025-07-08 14:17:36,198,tie_silencer,empire,10,4,2,8,Aleen Minor
2025-07-08 14:17:35,199,unknown,resistance,9,2,7,10,Umbara
2025-07-08 14:17:34,200,tie_fighter,resistance,2,7,10,7,Alderaan
2025-07-08 14:17:33,201,at-st,resistance,10,7,9,4,Tholoth
2025-07-08 14:17:32,202,unknown,resistance,4,5,6,6,Concord Dawn
2025-07-08 14:17:31,203,resistance_soldier,resistance,1,6,3,2,Mon Cala
2025-07-08 14:17:30,204,tie_silencer,resistance,9,1,2,6,Kalee
2025-07-08 14:17:29,205,x-wing,empire,1,10,1,3,Iktotch
2025-07-08 14:17:28,206,x-wing,empire,6,9,6,4,Dagobah
2025-07-08 14:17:27,207,at-st,resistance,10,8,9,3,Tholoth
2025-07-08 14:17:26,208,unknown,empire,7,8,7,8,Mirial
2025-07-08 14:17:25,209,x-wing,empire,7,9,1,4,Sullust
2025-07-08 14:17:24,210,at-at,empire,9,8,1,1,Tholoth
2025-07-08 14:17:23,211,at-st,resistance,4,6,7,2,Chandrila
2025-07-08 14:17:22,212,resistance_soldier,resistance,1,3,2,1,Kalee
2025-07-08 14:17:21,213,stormtrooper,resistance,10,3,8,5,Glee Anselm
2025-07-08 14:17:20,214,unknown,empire,2,6,1,4,Corellia
2025-07-08 14:17:19,215,unknown,resistance,4,8,7,10,Kalee
2025-07-08 14:17:18,216,at-at,resistance,10,2,5,9,Chandrila
2025-07-08 14:17:17,217,tie_silencer,resistance,5,1,10,6,Trandosha
2025-07-08 14:17:16,218,x-wing,resistance,4,7,10,4,Bestine IV
2025-07-08 14:17:15,219,tie_silencer,resistance,4,2,5,10,Alderaan
2025-07-08 14:17:14,220,tie_fighter,resistance,4,4,10,3,Eriadu
2025-07-08 14:17:13,221,at-st,empire,10,2,8,1,Tatooine
2025-07-08 14:17:12,222,at-st,empire,5,4,7,4,Corellia
2025-07-08 14:17:11,223,x-wing,resistance,9,8,2,6,Socorro
2025-07-08 14:17:10,224,stormtrooper,resistance,9,4,6,10,Alderaan
2025-07-08 14:17:09,225,stormtrooper,resistance,7,5,5,5,Dathomir
2025-07-08 14:17:08,226,stormtrooper,resistance,7,1,9,2,Sullust
2025-07-08 14:17:07,227,unknown,empire,1,9,3,2,Quermia
2025-07-08 14:17:06,228,at-st,empire,9,7,10,2,Skako
2025-07-08 14:17:05,229,stormtrooper,resistance,8,1,2,1,Glee Anselm
2025-07-08 14:17:04,230,resistance_soldier,empire,7,6,9,10,Bestine IV
2025-07-08 14:17:03,231,at-st,empire,9,1,10,2,Eriadu
2025-07-08 14:17:02,232,stormtrooper,empire,7,1,5,8,Sullust
2025-07-08 14:17:01,233,tie_silencer,empire,10,8,2,3,Haruun Kal
2025-07-08 14:17:00,234,tie_fighter,empire,10,2,10,4,Dorin
2025-07-08 14:16:59,235,at-st,empire,2,10,10,4,Malastare
2025-07-08 14:16:58,236,resistance_soldier,empire,7,1,10,1,Dorin
2025-07-08 14:16:57,237,unknown,resistance,10,10,6,3,Iktotch
2025-07-08 14:16:56,238,stormtrooper,resistance,7,6,7,6,Mirial
2025-07-08 14:16:55,239,resistance_soldier,resistance,6,7,10,3,Shili
2025-07-08 14:16:54,240,tie_fighter,empire,8,4,7,6,Dorin
2025-07-08 14:16:53,241,at-st,empire,7,8,2,4,Tund
2025-07-08 14:16:52,242,unknown,empire,5,2,10,5,Aleen Minor
2025-07-08 14:16:51,243,at-st,resistance,9,8,9,4,Vulpter
2025-07-08 14:16:50,244,resistance_soldier,resistance,10,9,10,1,Naboo
2025-07-08 14:16:49,245,unknown,empire,10,9,4,8,Vulpter
2025-07-08 14:16:48,246,tie_silencer,resistance,7,9,7,6,Kashyyyk
2025-07-08 14:16:47,247,x-wing,resistance,4,3,4,7,Mon Cala
2025-07-08 14:16:46,248,tie_fighter,resistance,3,4,6,9,Alderaan
2025-07-08 14:16:45,249,at-at,empire,5,10,3,2,Naboo
2025-07-08 14:16:44,250,at-st,empire,8,3,1,7,Tatooine
2025-07-08 14:16:43,251,unknown,resistance,10,6,6,8,Bestine IV
2025-07-08 14:16:42,252,at-at,resistance,1,9,5,1,Cerea
2025-07-08 14:16:41,253,at-at,resistance,6,4,8,4,Socorro
2025-07-08 14:16:40,254,tie_silencer,resistance,2,2,3,1,Troiken
2025-07-08 14:16:39,255,x-wing,resistance,10,8,2,1,Mon Cala
2025-07-08 14:16:38,256,resistance_soldier,resistance,4,5,10,3,Shili
2025-07-08 14:16:37,257,tie_fighter,resistance,6,5,8,10,Alderaan
2025-07-08 14:16:36,258,unknown,empire,4,8,9,10,Zolan
2025-07-08 14:16:35,259,x-wing,resistance,8,6,10,6,Muunilinst
2025-07-08 14:16:34,260,tie_fighter,resistance,7,2,9,2,Bestine IV
2025-07-08 14:16:33,261,unknown,empire,4,8,5,7,Serenno
2025-07-08 14:16:32,262,at-at,resistance,3,7,8,8,Kalee
2025-07-08 14:16:31,263,stormtrooper,resistance,9,3,2,6,Shili
2025-07-08 14:16:30,264,resistance_soldier,resistance,5,1,1,3,Glee Anselm
2025-07-08 14:16:29,265,tie_silencer,resistance,10,7,7,1,Mon Cala
2025-07-08 14:16:28,266,at-st,resistance,7,5,5,5,Socorro
2025-07-08 14:16:27,267,unknown,empire,6,9,10,3,Tund
2025-07-08 14:16:26,268,stormtrooper,resistance,4,9,5,8,Trandosha
2025-07-08 14:16:25,269,resistance_soldier,resistance,3,9,7,7,Umbara
2025-07-08 14:16:24,270,x-wing,resistance,5,2,3,8,Sullust
2025-07-08 14:16:23,271,at-st,empire,6,9,6,10,Tatooine
2025-07-08 14:16:22,272,stormtrooper,empire,7,9,8,8,Tholoth
2025-07-08 14:16:21,273,stormtrooper,empire,6,8,6,5,Ojom
2025-07-08 14:16:20,274,x-wing,resistance,9,3,5,3,Quermia
2025-07-08 14:16:19,275,unknown,resistance,5,4,1,5,Rodia
2025-07-08 14:16:18,276,resistance_soldier,resistance,6,8,2,2,Skako
2025-07-08 14:16:17,277,at-at,resistance,9,2,9,9,Tund
2025-07-08 14:16:16,278,at-at,empire,2,8,2,9,Skako
2025-07-08 14:16:15,279,unknown,resistance,3,2,1,4,Alderaan
2025-07-08 14:16:14,280,at-at,resistance,4,10,4,3,Shili
2025-07-08 14:16:13,281,tie_fighter,resistance,3,9,8,5,Rodia
2025-07-08 14:16:12,282,at-st,empire,2,9,4,2,Corellia
2025-07-08 14:16:11,283,at-st,empire,8,7,4,3,Bestine IV
2025-07-08 14:16:10,284,x-wing,empire,5,8,6,4,Vulpter
2025-07-08 14:16:09,285,resistance_soldier,resistance,3,7,8,7,Iktotch
2025-07-08 14:16:08,286,resistance_soldier,empire,4,4,7,6,Cerea
2025-07-08 14:16:07,287,tie_silencer,empire,7,1,2,8,Corellia
2025-07-08 14:16:06,288,at-st,empire,8,7,9,1,Aleen Minor
2025-07-08 14:16:05,289,at-at,resistance,6,10,10,9,Champala
2025-07-08 14:16:04,290,at-at,resistance,8,9,9,5,Shili
2025-07-08 14:16:03,291,at-st,resistance,10,1,4,10,Alderaan
2025-07-08 14:16:02,292,at-st,resistance,5,7,3,2,Kashyyyk
2025-07-08 14:16:01,293,unknown,empire,8,7,3,4,Serenno
2025-07-08 14:16:00,294,at-st,empire,4,8,10,8,Socorro
2025-07-08 14:15:59,295,at-at,empire,3,7,8,3,Tatooine
2025-07-08 14:15:58,296,unknown,empire,6,6,4,6,Skako
2025-07-08 14:15:57,297,x-wing,resistance,6,2,8,6,Champala
2025-07-08 14:15:56,298,tie_fighter,empire,10,3,6,2,Tatooine
2025-07-08 14:15:55,299,at-st,empire,1,1,5,9,Trandosha
2025-07-08 14:15:54,300,stormtrooper,empire,6,1,1,8,Corellia
2025-07-08 14:15:53,301,at-st,empire,4,5,8,9,Tund
2025-07-08 14:15:52,302,tie_silencer,empire,1,6,10,2,Toydaria
2025-07-08 14:15:51,303,tie_fighter,empire,3,10,7,7,Dorin
2025-07-08 14:15:50,304,resistance_soldier,resistance,4,1,3,1,Cerea
2025-07-08 14:15:49,305,tie_silencer,empire,7,1,9,9,Cerea
2025-07-08 14:15:48,306,at-st,empire,2,10,2,8,Rodia
2025-07-08 14:15:47,307,at-st,resistance,1,5,1,8,Iridonia
2025-07-08 14:15:46,308,at-st,resistance,9,4,2,5,Concord Dawn
2025-07-08 14:15:45,309,at-at,resistance,3,4,10,9,Mirial
2025-07-08 14:15:44,310,x-wing,resistance,2,4,4,4,Kalee
2025-07-08 14:15:43,311,at-at,resistance,5,9,5,3,Chandrila
2025-07-08 14:15:42,312,at-st,resistance,3,2,3,2,Iktotch
2025-07-08 14:15:41,313,stormtrooper,resistance,8,6,10,10,Sullust
2025-07-08 14:15:40,314,stormtrooper,empire,10,7,8,2,Trandosha
2025-07-08 14:15:39,315,stormtrooper,resistance,7,6,9,1,Dathomir
2025-07-08 14:15:38,316,x-wing,resistance,6,6,5,4,Kashyyyk
2025-07-08 14:15:37,317,at-st,empire,5,10,9,9,Corellia
2025-07-08 14:15:36,318,x-wing,empire,1,9,1,8,Glee Anselm
2025-07-08 14:15:35,319,at-st,resistance,9,4,5,10,Ryloth
2025-07-08 14:15:34,320,at-at,empire,4,5,3,7,Concord Dawn
2025-07-08 14:15:33,321,at-at,empire,7,1,9,5,Troiken
2025-07-08 14:15:32,322,x-wing,empire,6,8,4,3,Dorin
2025-07-08 14:15:31,323,x-wing,empire,2,3,7,2,Concord Dawn
2025-07-08 14:15:30,324,resistance_soldier,resistance,2,2,2,9,Troiken
2025-07-08 14:15:29,325,stormtrooper,empire,6,10,2,9,Stewjon
2025-07-08 14:15:28,326,x-wing,empire,3,8,2,5,Corellia
2025-07-08 14:15:27,327,tie_silencer,resistance,4,4,4,1,Cerea
2025-07-08 14:15:26,328,at-st,empire,9,2,6,4,Malastare
2025-07-08 14:15:25,329,unknown,empire,10,8,8,4,Tatooine
2025-07-08 14:15:24,330,tie_fighter,resistance,8,1,1,10,Eriadu
2025-07-08 14:15:23,331,resistance_soldier,empire,1,7,8,7,Kalee
2025-07-08 14:15:22,332,resistance_soldier,empire,2,3,7,1,Muunilinst
2025-07-08 14:15:21,333,at-st,resistance,3,3,10,3,Quermia
2025-07-08 14:15:20,334,tie_silencer,empire,4,2,8,1,Tholoth
2025-07-08 14:15:19,335,resistance_soldier,empire,6,7,10,4,Muunilinst
2025-07-08 14:15:18,336,x-wing,resistance,1,10,3,5,Chandrila
2025-07-08 14:15:17,337,unknown,resistance,5,9,10,6,Shili
2025-07-08 14:15:16,338,tie_silencer,empire,4,8,9,4,Cerea
2025-07-08 14:15:15,339,tie_silencer,empire,9,5,6,4,Muunilinst
2025-07-08 14:15:14,340,x-wing,resistance,10,9,3,8,Socorro
2025-07-08 14:15:13,341,at-at,empire,6,6,1,6,Toydaria
2025-07-08 14:15:12,342,resistance_soldier,empire,1,10,9,6,Kalee
2025-07-08 14:15:11,343,x-wing,resistance,4,9,8,10,Champala
2025-07-08 14:15:10,344,stormtrooper,resistance,1,10,10,8,Naboo
2025-07-08 14:15:09,345,at-st,resistance,2,5,4,5,Mon Cala
2025-07-08 14:15:08,346,unknown,empire,10,10,8,2,Ryloth
2025-07-08 14:15:07,347,x-wing,resistance,6,1,10,2,Haruun Kal
2025-07-08 14:15:06,348,at-st,empire,3,2,3,2,Zolan
2025-07-08 14:15:05,349,at-at,empire,5,3,5,7,Shili
2025-07-08 14:15:04,350,stormtrooper,resistance,3,4,10,9,Zolan
2025-07-08 14:15:03,351,at-at,resistance,10,10,9,3,Rodia
2025-07-08 14:15:02,352,tie_silencer,resistance,1,8,5,2,Sullust
2025-07-08 14:15:01,353,resistance_soldier,empire,1,2,6,8,Ojom
2025-07-08 14:15:00,354,at-at,resistance,7,9,7,6,Vulpter
2025-07-08 14:14:59,355,tie_fighter,resistance,8,10,9,6,Chandrila
2025-07-08 14:14:58,356,x-wing,empire,7,10,7,8,Aleen Minor
2025-07-08 14:14:57,357,unknown,empire,8,1,2,5,Aleen Minor
2025-07-08 14:14:56,358,unknown,empire,1,3,6,8,Trandosha
2025-07-08 14:14:55,359,stormtrooper,resistance,8,3,9,2,Haruun Kal
2025-07-08 14:14:54,360,x-wing,resistance,5,10,2,1,Ryloth
2025-07-08 14:14:53,361,at-at,empire,10,2,6,1,Quermia
2025-07-08 14:14:52,362,stormtrooper,empire,7,5,3,1,Toydaria
2025-07-08 14:14:51,363,x-wing,resistance,7,5,3,1,Concord Dawn
2025-07-08 14:14:50,364,x-wing,resistance,1,10,5,7,Skako
2025-07-08 14:14:49,365,tie_silencer,resistance,4,7,4,7,Aleen Minor
2025-07-08 14:14:48,366,stormtrooper,empire,8,5,5,7,Champala
2025-07-08 14:14:47,367,at-at,resistance,1,2,6,1,Bestine IV
2025-07-08 14:14:46,368,unknown,resistance,4,4,3,4,Kashyyyk
2025-07-08 14:14:45,369,tie_silencer,resistance,3,1,4,8,Kashyyyk
2025-07-08 14:14:44,370,resistance_soldier,empire,8,10,4,4,Troiken
2025-07-08 14:14:43,371,unknown,empire,4,1,7,10,Mirial
2025-07-08 14:14:42,372,tie_silencer,resistance,3,7,6,9,Cerea
2025-07-08 14:14:41,373,stormtrooper,resistance,8,1,9,3,Troiken
2025-07-08 14:14:40,374,tie_fighter,resistance,1,1,3,4,Ojom
2025-07-08 14:14:39,375,at-st,empire,7,7,8,9,Kalee
2025-07-08 14:14:38,376,at-st,empire,6,2,9,4,Serenno
2025-07-08 14:14:37,377,stormtrooper,resistance,3,8,8,6,Iktotch
2025-07-08 14:14:36,378,tie_fighter,empire,4,1,5,4,Tholoth
2025-07-08 14:14:35,379,resistance_soldier,resistance,4,4,5,8,Dorin
2025-07-08 14:14:34,380,tie_silencer,resistance,9,3,10,7,Cerea
2025-07-08 14:14:33,381,x-wing,empire,10,1,7,4,Ojom
2025-07-08 14:14:32,382,tie_silencer,empire,8,9,4,5,Quermia
2025-07-08 14:14:31,383,tie_fighter,resistance,6,7,5,10,Kalee
2025-07-08 14:14:30,384,resistance_soldier,empire,4,2,3,1,Malastare
2025-07-08 14:14:29,385,stormtrooper,resistance,8,1,5,8,Dathomir
2025-07-08 14:14:28,386,resistance_soldier,empire,7,6,8,10,Shili
2025-07-08 14:14:27,387,at-at,empire,2,4,1,6,Umbara
2025-07-08 14:14:26,388,stormtrooper,resistance,2,3,8,8,Champala
2025-07-08 14:14:25,389,at-st,empire,4,9,4,2,Ojom
2025-07-08 14:14:24,390,stormtrooper,empire,10,5,3,2,Stewjon
2025-07-08 14:14:23,391,at-at,empire,3,10,3,2,Concord Dawn
2025-07-08 14:14:22,392,resistance_soldier,resistance,10,9,3,6,Skako
2025-07-08 14:14:21,393,resistance_soldier,empire,5,5,9,1,Corellia
2025-07-08 14:14:20,394,tie_silencer,empire,8,4,10,7,Rodia
2025-07-08 14:14:19,395,tie_silencer,empire,1,10,9,9,Aleen Minor
2025-07-08 14:14:18,396,stormtrooper,resistance,9,9,3,8,Vulpter
2025-07-08 14:14:17,397,tie_fighter,resistance,10,8,2,3,Umbara
2025-07-08 14:14:16,398,resistance_soldier,empire,1,10,5,3,Dorin
2025-07-08 14:14:15,399,tie_silencer,resistance,1,1,5,2,Tholoth
2025-07-08 14:14:14,400,tie_fighter,empire,6,9,1,1,Aleen Minor
2025-07-08 14:14:13,401,stormtrooper,resistance,3,3,1,3,Socorro
2025-07-08 14:14:12,402,tie_silencer,empire,1,9,4,4,Mirial
2025-07-08 14:14:11,403,resistance_soldier,resistance,9,2,2,10,Tatooine
2025-07-08 14:14:10,404,unknown,resistance,5,8,3,2,Ryloth
2025-07-08 14:14:09,405,tie_silencer,empire,1,9,6,3,Mirial
2025-07-08 14:14:08,406,stormtrooper,resistance,8,6,7,2,Vulpter
2025-07-08 14:14:07,407,at-at,empire,7,4,2,6,Ryloth
2025-07-08 14:14:06,408,tie_silencer,resistance,2,3,2,1,Ryloth
2025-07-08 14:14:05,409,at-st,empire,2,10,7,7,Trandosha
2025-07-08 14:14:04,410,at-st,empire,1,3,10,4,Tatooine
2025-07-08 14:14:03,411,stormtrooper,resistance,9,10,10,1,Umbara
2025-07-08 14:14:02,412,x-wing,empire,2,3,6,3,Muunilinst
2025-07-08 14:14:01,413,unknown,empire,4,4,6,7,Umbara
2025-07-08 14:14:00,414,stormtrooper,empire,6,10,4,2,Tund
2025-07-08 14:13:59,415,at-st,empire,10,1,5,1,Sullust
2025-07-08 14:13:58,416,tie_silencer,empire,6,5,9,9,Muunilinst
2025-07-08 14:13:57,417,unknown,resistance,6,6,6,3,Ojom
2025-07-08 14:13:56,418,x-wing,empire,9,8,8,3,Serenno
2025-07-08 14:13:55,419,tie_fighter,resistance,2,1,1,7,Troiken
2025-07-08 14:13:54,420,at-st,empire,7,6,10,1,Aleen Minor
2025-07-08 14:13:53,421,tie_fighter,resistance,3,4,1,10,Iktotch
2025-07-08 14:13:52,422,tie_fighter,resistance,6,4,6,5,Naboo
2025-07-08 14:13:51,423,x-wing,resistance,7,9,1,1,Haruun Kal
2025-07-08 14:13:50,424,stormtrooper,resistance,9,3,5,2,Chandrila
2025-07-08 14:13:49,425,x-wing,resistance,2,3,1,8,Bestine IV
2025-07-08 14:13:48,426,unknown,resistance,10,3,5,8,Tatooine
2025-07-08 14:13:47,427,stormtrooper,empire,3,7,5,9,Kalee
2025-07-08 14:13:46,428,resistance_soldier,resistance,6,2,2,1,Vulpter
2025-07-08 14:13:45,429,tie_silencer,resistance,4,1,10,1,Bestine IV
2025-07-08 14:13:44,430,resistance_soldier,empire,9,6,9,5,Aleen Minor
2025-07-08 14:13:43,431,tie_fighter,resistance,8,5,10,5,Socorro
2025-07-08 14:13:42,432,resistance_soldier,resistance,6,3,2,4,Shili
2025-07-08 14:13:41,433,at-st,resistance,3,8,1,4,Iridonia
2025-07-08 14:13:40,434,unknown,resistance,7,2,10,2,Iridonia
2025-07-08 14:13:39,435,tie_silencer,resistance,4,9,3,1,Alderaan
2025-07-08 14:13:38,436,resistance_soldier,resistance,9,3,10,10,Quermia
2025-07-08 14:13:37,437,at-at,empire,9,8,6,9,Shili
2025-07-08 14:13:36,438,at-at,resistance,4,3,10,7,Ryloth
2025-07-08 14:13:35,439,at-st,resistance,9,10,10,4,Tund
2025-07-08 14:13:34,440,stormtrooper,resistance,2,3,8,1,Umbara
2025-07-08 14:13:33,441,at-at,empire,9,1,10,5,Malastare
2025-07-08 14:13:32,442,resistance_soldier,empire,9,7,5,6,Socorro
2025-07-08 14:13:31,443,at-st,resistance,10,4,1,5,Socorro
2025-07-08 14:13:30,444,stormtrooper,empire,2,1,7,3,Zolan
2025-07-08 14:13:29,445,resistance_soldier,empire,5,7,3,9,Stewjon
2025-07-08 14:13:28,446,tie_silencer,resistance,9,1,3,1,Alderaan
2025-07-08 14:13:27,447,stormtrooper,empire,5,3,9,1,Umbara
2025-07-08 14:13:26,448,at-at,empire,9,10,10,10,Toydaria
2025-07-08 14:13:25,449,tie_fighter,resistance,1,5,9,1,Kashyyyk
2025-07-08 14:13:24,450,at-at,empire,5,2,8,6,Iridonia
2025-07-08 14:13:23,451,tie_fighter,empire,2,4,3,2,Tund
2025-07-08 14:13:22,452,unknown,resistance,1,10,4,10,Trandosha
2025-07-08 14:13:21,453,at-st,resistance,8,2,4,7,Champala
2025-07-08 14:13:20,454,stormtrooper,resistance,2,1,1,5,Quermia
2025-07-08 14:13:19,455,tie_silencer,empire,8,5,7,9,Corellia
2025-07-08 14:13:18,456,x-wing,resistance,3,6,6,3,Ryloth
2025-07-08 14:13:17,457,stormtrooper,resistance,4,9,6,6,Mon Cala
2025-07-08 14:13:16,458,resistance_soldier,empire,7,6,8,7,Dagobah
2025-07-08 14:13:15,459,at-at,empire,9,9,4,2,Dorin
2025-07-08 14:13:14,460,stormtrooper,resistance,4,7,8,5,Sullust
2025-07-08 14:13:13,461,stormtrooper,resistance,8,7,9,7,Naboo
2025-07-08 14:13:12,462,resistance_soldier,empire,5,8,2,5,Stewjon
2025-07-08 14:13:11,463,x-wing,resistance,9,4,7,1,Mon Cala
2025-07-08 14:13:10,464,resistance_soldier,resistance,8,7,7,10,Quermia
2025-07-08 14:13:09,465,resistance_soldier,resistance,2,6,5,1,Mon Cala
2025-07-08 14:13:08,466,unknown,empire,5,3,5,9,Eriadu
2025-07-08 14:13:07,467,at-at,resistance,6,3,8,2,Trandosha
2025-07-08 14:13:06,468,tie_silencer,empire,10,6,1,1,Tund
2025-07-08 14:13:05,469,at-at,empire,8,8,4,2,Tholoth
2025-07-08 14:13:04,470,tie_silencer,resistance,6,8,3,3,Chandrila
2025-07-08 14:13:03,471,at-st,resistance,7,10,1,1,Dathomir
2025-07-08 14:13:02,472,at-at,resistance,10,8,10,2,Ryloth
2025-07-08 14:13:01,473,at-st,empire,3,3,5,2,Tund
2025-07-08 14:13:00,474,unknown,resistance,8,6,8,4,Mon Cala
2025-07-08 14:12:59,475,x-wing,resistance,9,10,3,10,Naboo
2025-07-08 14:12:58,476,tie_silencer,resistance,2,7,4,9,Kashyyyk
2025-07-08 14:12:57,477,stormtrooper,empire,6,4,6,10,Mirial
2025-07-08 14:12:56,478,resistance_soldier,empire,7,2,3,10,Dorin
2025-07-08 14:12:55,479,at-st,resistance,6,9,8,4,Dorin
2025-07-08 14:12:54,480,stormtrooper,resistance,5,10,7,6,Ojom
2025-07-08 14:12:53,481,resistance_soldier,resistance,9,5,3,6,Troiken
2025-07-08 14:12:52,482,tie_silencer,empire,1,6,7,3,Tund
2025-07-08 14:12:51,483,tie_silencer,empire,8,3,3,1,Iridonia
2025-07-08 14:12:50,484,resistance_soldier,empire,3,6,8,5,Umbara
2025-07-08 14:12:49,485,resistance_soldier,empire,3,3,2,5,Aleen Minor
2025-07-08 14:12:48,486,stormtrooper,resistance,3,9,1,10,Trandosha
2025-07-08 14:12:47,487,x-wing,empire,8,4,3,3,Malastare
2025-07-08 14:12:46,488,tie_silencer,resistance,4,5,6,1,Alderaan
2025-07-08 14:12:45,489,at-st,resistance,4,9,8,8,Muunilinst
2025-07-08 14:12:44,490,tie_fighter,resistance,3,2,1,3,Haruun Kal
2025-07-08 14:12:43,491,unknown,empire,3,9,1,3,Malastare
2025-07-08 14:12:42,492,at-st,empire,10,5,5,9,Mon Cala
2025-07-08 14:12:41,493,x-wing,empire,2,5,8,1,Glee Anselm
2025-07-08 14:12:40,494,tie_fighter,resistance,1,8,10,9,Concord Dawn
2025-07-08 14:12:39,495,unknown,resistance,10,1,2,7,Rodia
2025-07-08 14:12:38,496,x-wing,resistance,8,4,6,4,Kalee
2025-07-08 14:12:37,497,resistance_soldier,empire,1,10,10,1,Tholoth
2025-07-08 14:12:36,498,unknown,resistance,5,10,8,4,Skako
2025-07-08 14:12:35,499,at-st,empire,8,8,10,1,Champala
2025-07-08 14:12:34,500,x-wing,resistance,6,6,4,4,Tholoth
2025-07-08 14:12:33,501,unknown,resistance,4,5,5,9,Alderaan
2025-07-08 14:12:32,502,tie_silencer,empire,2,9,7,2,Kashyyyk
2025-07-08 14:12:31,503,tie_silencer,empire,2,2,7,4,Tund
2025-07-08 14:12:30,504,tie_fighter,resistance,1,7,2,2,Iridonia
2025-07-08 14:12:29,505,resistance_soldier,resistance,4,4,5,8,Rodia
2025-07-08 14:12:28,506,x-wing,resistance,8,7,4,3,Eriadu
2025-07-08 14:12:27,507,at-st,resistance,7,5,4,4,Dathomir
2025-07-08 14:12:26,508,x-wing,resistance,10,4,10,5,Quermia
2025-07-08 14:12:25,509,tie_fighter,resistance,3,8,7,1,Sullust
2025-07-08 14:12:24,510,tie_fighter,resistance,7,3,1,3,Toydaria
2025-07-08 14:12:23,511,at-st,empire,4,10,6,1,Tatooine
2025-07-08 14:12:22,512,unknown,empire,1,6,10,6,Champala
2025-07-08 14:12:21,513,resistance_soldier,resistance,10,9,1,5,Naboo
2025-07-08 14:12:20,514,tie_fighter,empire,4,3,7,6,Naboo
2025-07-08 14:12:19,515,tie_silencer,resistance,10,1,10,3,Iktotch
2025-07-08 14:12:18,516,at-at,resistance,3,1,9,2,Iktotch
2025-07-08 14:12:17,517,unknown,empire,4,10,10,1,Naboo
2025-07-08 14:12:16,518,x-wing,resistance,8,1,2,2,Ryloth
2025-07-08 14:12:15,519,at-at,resistance,7,1,8,9,Tholoth
2025-07-08 14:12:14,520,x-wing,resistance,1,10,3,7,Kalee
2025-07-08 14:12:13,521,at-st,resistance,2,9,6,1,Mirial
2025-07-08 14:12:12,522,at-st,resistance,4,5,10,1,Shili
2025-07-08 14:12:11,523,at-st,empire,1,5,3,7,Serenno
2025-07-08 14:12:10,524,x-wing,empire,1,10,8,4,Vulpter
2025-07-08 14:12:09,525,x-wing,empire,7,1,9,4,Eriadu
2025-07-08 14:12:08,526,at-st,resistance,4,9,4,10,Alderaan
2025-07-08 14:12:07,527,unknown,empire,8,8,3,10,Dagobah
2025-07-08 14:12:06,528,unknown,empire,7,5,1,3,Toydaria
2025-07-08 14:12:05,529,unknown,resistance,7,7,1,2,Glee Anselm
2025-07-08 14:12:04,530,resistance_soldier,empire,2,1,6,1,Cerea
2025-07-08 14:12:03,531,x-wing,empire,4,10,10,9,Skako
2025-07-08 14:12:02,532,x-wing,empire,8,1,5,8,Concord Dawn
2025-07-08 14:12:01,533,stormtrooper,resistance,9,4,10,7,Malastare
2025-07-08 14:12:00,534,at-at,empire,6,2,8,3,Dorin
2025-07-08 14:11:59,535,resistance_soldier,empire,5,4,7,2,Trandosha
2025-07-08 14:11:58,536,x-wing,resistance,4,10,6,8,Mon Cala
2025-07-08 14:11:57,537,at-at,resistance,7,7,9,7,Ryloth
2025-07-08 14:11:56,538,at-at,empire,2,9,9,1,Iridonia
2025-07-08 14:11:55,539,stormtrooper,empire,7,5,2,8,Malastare
2025-07-08 14:11:54,540,unknown,resistance,8,9,9,4,Umbara
2025-07-08 14:11:53,541,tie_fighter,resistance,9,6,7,7,Kashyyyk
2025-07-08 14:11:52,542,resistance_soldier,resistance,3,8,5,9,Quermia
2025-07-08 14:11:51,543,x-wing,resistance,6,9,9,10,Tholoth
2025-07-08 14:11:50,544,resistance_soldier,resistance,3,4,6,3,Iridonia
2025-07-08 14:11:49,545,tie_silencer,empire,4,6,5,10,Dagobah
2025-07-08 14:11:48,546,unknown,resistance,9,2,1,2,Iridonia
2025-07-08 14:11:47,547,resistance_soldier,resistance,3,6,1,3,Naboo
2025-07-08 14:11:46,548,tie_silencer,empire,3,3,7,3,Malastare
2025-07-08 14:11:45,549,tie_fighter,empire,1,4,2,1,Malastare
2025-07-08 14:11:44,550,unknown,resistance,3,7,9,3,Haruun Kal
2025-07-08 14:11:43,551,tie_silencer,resistance,7,1,10,10,Sullust
2025-07-08 14:11:42,552,at-st,resistance,5,3,8,4,Chandrila
2025-07-08 14:11:41,553,tie_fighter,resistance,2,4,5,4,Umbara
2025-07-08 14:11:40,554,unknown,empire,10,10,4,2,Quermia
2025-07-08 14:11:39,555,resistance_soldier,resistance,3,1,4,4,Iridonia
2025-07-08 14:11:38,556,at-at,resistance,6,9,5,7,Dorin
2025-07-08 14:11:37,557,stormtrooper,resistance,7,2,2,9,Umbara
2025-07-08 14:11:36,558,stormtrooper,empire,3,3,4,1,Toydaria
2025-07-08 14:11:35,559,at-st,resistance,6,8,4,6,Kashyyyk
2025-07-08 14:11:34,560,at-st,resistance,1,9,1,10,Mirial
2025-07-08 14:11:33,561,stormtrooper,resistance,4,5,2,8,Mon Cala
2025-07-08 14:11:32,562,stormtrooper,empire,7,10,6,2,Muunilinst
2025-07-08 14:11:31,563,x-wing,empire,5,6,9,10,Dagobah
2025-07-08 14:11:30,564,unknown,empire,8,2,5,5,Chandrila
2025-07-08 14:11:29,565,at-at,resistance,6,8,8,8,Dathomir
2025-07-08 14:11:28,566,tie_fighter,empire,8,4,7,10,Stewjon
2025-07-08 14:11:27,567,unknown,resistance,9,1,4,9,Dorin
2025-07-08 14:11:26,568,at-st,resistance,4,7,3,3,Cerea
2025-07-08 14:11:25,569,at-at,empire,2,7,10,1,Muunilinst
2025-07-08 14:11:24,570,at-at,resistance,1,10,7,4,Aleen Minor
2025-07-08 14:11:23,571,tie_silencer,empire,9,9,6,1,Eriadu
2025-07-08 14:11:22,572,x-wing,empire,5,7,8,5,Tund
2025-07-08 14:11:21,573,tie_silencer,empire,10,7,1,7,Iridonia
2025-07-08 14:11:20,574,tie_fighter,resistance,7,3,10,2,Rodia
2025-07-08 14:11:19,575,at-at,resistance,4,2,7,7,Umbara
2025-07-08 14:11:18,576,resistance_soldier,empire,6,4,1,5,Toydaria
2025-07-08 14:11:17,577,at-st,resistance,5,3,9,6,Bestine IV
2025-07-08 14:11:16,578,x-wing,empire,7,1,10,8,Tatooine
2025-07-08 14:11:15,579,tie_fighter,empire,1,3,8,8,Ojom
2025-07-08 14:11:14,580,tie_fighter,empire,4,9,7,9,Kalee
2025-07-08 14:11:13,581,x-wing,empire,8,2,4,1,Malastare
2025-07-08 14:11:12,582,x-wing,empire,10,7,8,3,Troiken
2025-07-08 14:11:11,583,at-at,resistance,1,5,8,10,Quermia
2025-07-08 14:11:10,584,x-wing,empire,5,2,10,5,Corellia
2025-07-08 14:11:09,585,resistance_soldier,resistance,8,6,2,1,Haruun Kal
2025-07-08 14:11:08,586,x-wing,resistance,7,7,6,9,Troiken
2025-07-08 14:11:07,587,x-wing,resistance,9,9,9,10,Eriadu
2025-07-08 14:11:06,588,tie_silencer,empire,3,1,4,1,Umbara
2025-07-08 14:11:05,589,resistance_soldier,empire,3,4,3,7,Serenno
2025-07-08 14:11:04,590,at-at,resistance,9,7,5,7,Dathomir
2025-07-08 14:11:03,591,resistance_soldier,empire,4,5,2,9,Champala
2025-07-08 14:11:02,592,at-at,empire,10,7,5,4,Tatooine
2025-07-08 14:11:01,593,stormtrooper,empire,9,9,2,10,Dorin
2025-07-08 14:11:00,594,at-at,empire,5,2,8,8,Cerea
2025-07-08 14:10:59,595,resistance_soldier,empire,2,5,3,6,Rodia
2025-07-08 14:10:58,596,at-st,empire,6,7,3,3,Trandosha
2025-07-08 14:10:57,597,x-wing,empire,3,3,6,5,Zolan
2025-07-08 14:10:56,598,at-st,empire,4,2,10,4,Eriadu
2025-07-08 14:10:55,599,x-wing,resistance,4,7,8,9,Dorin
2025-07-08 14:10:54,600,tie_fighter,resistance,9,2,3,3,Kashyyyk
2025-07-08 14:10:53,601,tie_fighter,empire,8,1,1,9,Stewjon
2025-07-08 14:10:52,602,tie_silencer,empire,10,5,7,9,Champala
2025-07-08 14:10:51,603,unknown,empire,4,6,7,3,Muunilinst
2025-07-08 14:10:50,604,x-wing,resistance,7,2,5,1,Rodia
2025-07-08 14:10:49,605,at-at,resistance,10,3,3,4,Dathomir
2025-07-08 14:10:48,606,at-at,resistance,8,7,6,8,Shili
2025-07-08 14:10:47,607,resistance_soldier,resistance,3,10,4,2,Tatooine
2025-07-08 14:10:46,608,x-wing,resistance,5,5,4,4,Umbara
2025-07-08 14:10:45,609,tie_fighter,empire,7,6,3,3,Toydaria
2025-07-08 14:10:44,610,tie_fighter,empire,8,5,5,2,Kashyyyk
2025-07-08 14:10:43,611,at-at,resistance,6,4,6,10,Alderaan
2025-07-08 14:10:42,612,tie_silencer,resistance,3,2,1,6,Cerea
2025-07-08 14:10:41,613,stormtrooper,empire,2,6,2,9,Dorin
2025-07-08 14:10:40,614,resistance_soldier,empire,6,8,9,7,Iridonia
2025-07-08 14:10:39,615,at-at,empire,8,7,2,9,Concord Dawn
2025-07-08 14:10:38,616,at-st,resistance,3,6,3,2,Shili
2025-07-08 14:10:37,617,tie_silencer,empire,1,2,7,5,Dorin
2025-07-08 14:10:36,618,at-st,empire,6,5,2,3,Stewjon
2025-07-08 14:10:35,619,resistance_soldier,empire,5,4,7,2,Bestine IV
2025-07-08 14:10:34,620,stormtrooper,empire,6,10,9,2,Naboo
2025-07-08 14:10:33,621,stormtrooper,empire,9,6,10,6,Stewjon
2025-07-08 14:10:32,622,tie_silencer,empire,6,1,5,9,Kalee
2025-07-08 14:10:31,623,tie_fighter,resistance,4,4,3,9,Tholoth
2025-07-08 14:10:30,624,stormtrooper,resistance,4,6,4,10,Naboo
2025-07-08 14:10:29,625,at-at,empire,4,6,10,4,Iktotch
2025-07-08 14:10:28,626,tie_silencer,resistance,2,6,5,2,Quermia
2025-07-08 14:10:27,627,unknown,resistance,9,10,8,8,Glee Anselm
2025-07-08 14:10:26,628,resistance_soldier,empire,4,1,6,1,Tund
2025-07-08 14:10:25,629,stormtrooper,resistance,6,8,5,1,Ryloth
2025-07-08 14:10:24,630,x-wing,empire,6,1,9,1,Stewjon
2025-07-08 14:10:23,631,resistance_soldier,empire,8,3,6,6,Malastare
2025-07-08 14:10:22,632,resistance_soldier,empire,2,1,10,1,Serenno
2025-07-08 14:10:21,633,stormtrooper,resistance,9,1,5,3,Skako
2025-07-08 14:10:20,634,at-st,resistance,7,7,3,9,Sullust
2025-07-08 14:10:19,635,x-wing,resistance,4,8,3,3,Kalee
2025-07-08 14:10:18,636,x-wing,empire,2,1,2,10,Corellia
2025-07-08 14:10:17,637,resistance_soldier,empire,4,10,1,5,Chandrila
2025-07-08 14:10:16,638,tie_silencer,resistance,8,5,6,10,Dathomir
2025-07-08 14:10:15,639,resistance_soldier,empire,9,10,2,6,Vulpter
2025-07-08 14:10:14,640,at-at,empire,2,9,10,5,Iktotch
2025-07-08 14:10:13,641,stormtrooper,resistance,1,4,3,9,Glee Anselm
2025-07-08 14:10:12,642,x-wing,empire,8,2,5,10,Eriadu
2025-07-08 14:10:11,643,tie_silencer,empire,8,2,3,5,Eriadu
2025-07-08 14:10:10,644,unknown,resistance,10,7,10,2,Quermia
2025-07-08 14:10:09,645,at-at,empire,1,7,7,2,Cerea
2025-07-08 14:10:08,646,x-wing,resistance,1,5,8,4,Naboo
2025-07-08 14:10:07,647,at-st,resistance,5,9,7,3,Tholoth
2025-07-08 14:10:06,648,tie_fighter,empire,9,1,10,4,Dorin
2025-07-08 14:10:05,649,tie_silencer,empire,10,4,2,4,Aleen Minor
2025-07-08 14:10:04,650,tie_fighter,resistance,1,5,2,10,Sullust
2025-07-08 14:10:03,651,at-at,resistance,8,4,6,6,Iktotch
2025-07-08 14:10:02,652,x-wing,resistance,4,4,1,5,Ojom
2025-07-08 14:10:01,653,at-st,resistance,6,5,6,1,Ojom
2025-07-08 14:10:00,654,at-at,resistance,5,2,8,6,Ojom
2025-07-08 14:09:59,655,x-wing,empire,7,4,1,2,Haruun Kal
2025-07-08 14:09:58,656,x-wing,resistance,3,1,8,2,Bestine IV
2025-07-08 14:09:57,657,x-wing,empire,6,5,2,2,Iktotch
2025-07-08 14:09:56,658,tie_fighter,resistance,7,2,6,4,Mon Cala
2025-07-08 14:09:55,659,stormtrooper,empire,6,6,2,9,Quermia
2025-07-08 14:09:54,660,stormtrooper,empire,8,2,4,10,Tund
2025-07-08 14:09:53,661,at-at,empire,2,5,6,7,Kalee
2025-07-08 14:09:52,662,at-at,empire,1,5,1,2,Stewjon
2025-07-08 14:09:51,663,unknown,empire,9,2,4,1,Ojom
2025-07-08 14:09:50,664,x-wing,resistance,1,2,5,5,Shili
2025-07-08 14:09:49,665,tie_silencer,empire,9,6,7,6,Iridonia
2025-07-08 14:09:48,666,x-wing,empire,7,2,4,3,Troiken
2025-07-08 14:09:47,667,at-st,empire,6,10,9,5,Cerea
2025-07-08 14:09:46,668,unknown,empire,1,9,4,7,Skako
2025-07-08 14:09:45,669,x-wing,resistance,10,2,5,6,Tatooine
2025-07-08 14:09:44,670,at-at,empire,7,10,9,5,Corellia
2025-07-08 14:09:43,671,tie_fighter,resistance,10,8,2,1,Sullust
2025-07-08 14:09:42,672,stormtrooper,empire,7,2,4,9,Eriadu
2025-07-08 14:09:41,673,resistance_soldier,resistance,2,10,10,3,Kashyyyk
2025-07-08 14:09:40,674,tie_silencer,resistance,10,3,4,4,Tholoth
2025-07-08 14:09:39,675,at-at,empire,1,5,8,5,Dorin
2025-07-08 14:09:38,676,resistance_soldier,empire,9,3,2,10,Haruun Kal
2025-07-08 14:09:37,677,at-st,resistance,8,6,7,4,Iridonia
2025-07-08 14:09:36,678,at-at,empire,7,10,2,2,Eriadu
2025-07-08 14:09:35,679,tie_silencer,empire,7,8,1,5,Iktotch
2025-07-08 14:09:34,680,unknown,resistance,4,3,5,7,Aleen Minor
2025-07-08 14:09:33,681,at-st,empire,9,5,3,10,Cerea
2025-07-08 14:09:32,682,stormtrooper,empire,9,8,8,4,Mirial
2025-07-08 14:09:31,683,resistance_soldier,resistance,1,5,6,5,Sullust
2025-07-08 14:09:30,684,x-wing,empire,6,2,7,9,Concord Dawn
2025-07-08 14:09:29,685,stormtrooper,empire,1,8,6,2,Muunilinst
2025-07-08 14:09:28,686,tie_silencer,empire,10,2,6,2,Vulpter
2025-07-08 14:09:27,687,at-at,empire,5,9,3,4,Serenno
2025-07-08 14:09:26,688,unknown,empire,6,8,4,9,Tatooine
2025-07-08 14:09:25,689,unknown,resistance,8,1,3,10,Sullust
2025-07-08 14:09:24,690,at-st,empire,9,7,1,2,Concord Dawn
2025-07-08 14:09:23,691,tie_fighter,resistance,8,4,9,2,Toydaria
2025-07-08 14:09:22,692,unknown,resistance,5,3,6,5,Socorro
2025-07-08 14:09:21,693,stormtrooper,empire,1,5,6,6,Socorro
2025-07-08 14:09:20,694,stormtrooper,resistance,7,9,3,6,Haruun Kal
2025-07-08 14:09:19,695,tie_silencer,resistance,8,2,6,10,Ryloth
2025-07-08 14:09:18,696,at-at,resistance,4,2,8,2,Dathomir
2025-07-08 14:09:17,697,x-wing,empire,4,4,7,2,Mirial
2025-07-08 14:09:16,698,tie_silencer,resistance,9,10,2,2,Iridonia
2025-07-08 14:09:15,699,at-st,empire,6,8,7,7,Vulpter
2025-07-08 14:09:14,700,tie_fighter,empire,5,10,1,1,Zolan
2025-07-08 14:09:13,701,at-st,resistance,7,2,5,2,Skako
2025-07-08 14:09:12,702,stormtrooper,resistance,7,9,5,9,Mon Cala
2025-07-08 14:09:11,703,stormtrooper,resistance,3,5,4,9,Concord Dawn
2025-07-08 14:09:10,704,unknown,empire,3,5,2,10,Serenno
2025-07-08 14:09:09,705,resistance_soldier,empire,9,4,10,3,Iridonia
2025-07-08 14:09:08,706,at-at,empire,4,9,7,5,Concord Dawn
2025-07-08 14:09:07,707,at-st,empire,2,7,1,10,Cerea
2025-07-08 14:09:06,708,at-st,resistance,8,3,4,3,Mirial
2025-07-08 14:09:05,709,x-wing,empire,5,10,10,6,Dagobah
2025-07-08 14:09:04,710,at-st,empire,8,2,2,8,Rodia
2025-07-08 14:09:03,711,unknown,resistance,10,10,6,3,Ojom
2025-07-08 14:09:02,712,at-st,empire,5,4,3,6,Eriadu
2025-07-08 14:09:01,713,at-st,empire,5,5,8,7,Corellia
2025-07-08 14:09:00,714,unknown,resistance,1,2,1,6,Cerea
2025-07-08 14:08:59,715,at-at,resistance,3,3,2,3,Iktotch
2025-07-08 14:08:58,716,unknown,empire,10,5,2,8,Trandosha
2025-07-08 14:08:57,717,at-st,resistance,8,5,7,5,Haruun Kal
2025-07-08 14:08:56,718,at-at,resistance,6,10,3,9,Sullust
2025-07-08 14:08:55,719,unknown,empire,8,6,3,5,Corellia
2025-07-08 14:08:54,720,stormtrooper,resistance,10,4,6,4,Haruun Kal
2025-07-08 14:08:53,721,tie_fighter,empire,2,2,9,6,Serenno
2025-07-08 14:08:52,722,x-wing,resistance,2,10,6,10,Ryloth
2025-07-08 14:08:51,723,tie_silencer,empire,5,2,7,7,Toydaria
2025-07-08 14:08:50,724,x-wing,resistance,10,1,2,1,Champala
2025-07-08 14:08:49,725,at-at,empire,1,1,1,8,Aleen Minor
2025-07-08 14:08:48,726,stormtrooper,resistance,3,8,1,8,Sullust
2025-07-08 14:08:47,727,tie_fighter,resistance,5,3,4,7,Ryloth
2025-07-08 14:08:46,728,stormtrooper,resistance,9,2,3,6,Mon Cala
2025-07-08 14:08:45,729,unknown,resistance,4,6,5,10,Chandrila
2025-07-08 14:08:44,730,tie_silencer,resistance,7,9,2,7,Champala
2025-07-08 14:08:43,731,at-at,empire,8,3,6,6,Aleen Minor
2025-07-08 14:08:42,732,at-at,empire,7,6,6,4,Iktotch
2025-07-08 14:08:41,733,tie_fighter,empire,8,2,1,1,Corellia
2025-07-08 14:08:40,734,at-at,resistance,10,7,7,3,Tholoth
2025-07-08 14:08:39,735,resistance_soldier,empire,9,5,7,7,Naboo
2025-07-08 14:08:38,736,tie_fighter,empire,2,7,4,7,Glee Anselm
2025-07-08 14:08:37,737,stormtrooper,empire,9,6,8,3,Skako
2025-07-08 14:08:36,738,at-at,empire,5,7,1,5,Ojom
2025-07-08 14:08:35,739,stormtrooper,empire,3,10,5,8,Tholoth
2025-07-08 14:08:34,740,unknown,resistance,7,9,10,4,Zolan
2025-07-08 14:08:33,741,at-st,empire,8,2,2,5,Muunilinst
2025-07-08 14:08:32,742,at-st,resistance,3,10,4,8,Ojom
2025-07-08 14:08:31,743,unknown,empire,1,9,4,8,Eriadu
2025-07-08 14:08:30,744,unknown,resistance,6,5,2,7,Socorro
2025-07-08 14:08:29,745,at-st,resistance,2,8,8,7,Rodia
2025-07-08 14:08:28,746,unknown,resistance,4,10,3,6,Naboo
2025-07-08 14:08:27,747,at-st,empire,3,5,1,10,Tholoth
2025-07-08 14:08:26,748,at-st,empire,4,6,9,2,Ojom
2025-07-08 14:08:25,749,stormtrooper,resistance,10,7,10,2,Haruun Kal
2025-07-08 14:08:24,750,at-st,resistance,10,8,10,9,Ryloth
2025-07-08 14:08:23,751,at-at,resistance,4,2,9,10,Shili
2025-07-08 14:08:22,752,x-wing,empire,9,6,6,7,Malastare
2025-07-08 14:08:21,753,stormtrooper,resistance,4,7,4,10,Alderaan
2025-07-08 14:08:20,754,at-st,empire,2,8,7,3,Iridonia
2025-07-08 14:08:19,755,x-wing,empire,6,5,10,8,Dagobah
2025-07-08 14:08:18,756,at-st,empire,3,6,6,8,Concord Dawn
2025-07-08 14:08:17,757,at-at,empire,8,3,2,2,Tatooine
2025-07-08 14:08:16,758,tie_fighter,empire,3,10,7,9,Trandosha
2025-07-08 14:08:15,759,x-wing,empire,5,6,8,8,Dagobah
2025-07-08 14:08:14,760,unknown,empire,1,1,8,4,Dorin
2025-07-08 14:08:13,761,stormtrooper,resistance,3,7,5,9,Eriadu
2025-07-08 14:08:12,762,unknown,empire,7,2,1,6,Mirial
2025-07-08 14:08:11,763,unknown,resistance,10,5,1,8,Iridonia
2025-07-08 14:08:10,764,at-at,empire,8,6,8,8,Iridonia
2025-07-08 14:08:09,765,unknown,empire,10,2,6,7,Concord Dawn
2025-07-08 14:08:08,766,at-st,resistance,6,1,7,2,Vulpter
2025-07-08 14:08:07,767,tie_silencer,resistance,6,6,4,3,Aleen Minor
2025-07-08 14:08:06,768,tie_silencer,resistance,4,4,8,8,Kashyyyk
2025-07-08 14:08:05,769,x-wing,empire,6,2,4,4,Muunilinst
2025-07-08 14:08:04,770,at-at,resistance,9,1,2,8,Tatooine
2025-07-08 14:08:03,771,at-st,resistance,8,2,9,1,Cerea
2025-07-08 14:08:02,772,tie_silencer,empire,8,7,7,6,Malastare
2025-07-08 14:08:01,773,at-at,empire,4,4,5,1,Serenno
2025-07-08 14:08:00,774,unknown,empire,3,7,4,1,Dagobah
2025-07-08 14:07:59,775,resistance_soldier,resistance,2,3,7,4,Alderaan
2025-07-08 14:07:58,776,tie_silencer,empire,7,8,1,1,Tund
2025-07-08 14:07:57,777,resistance_soldier,resistance,1,10,5,7,Haruun Kal
2025-07-08 14:07:56,778,at-at,resistance,2,3,8,7,Ojom
2025-07-08 14:07:55,779,x-wing,empire,6,9,4,10,Concord Dawn
2025-07-08 14:07:54,780,at-at,resistance,5,2,3,2,Mon Cala
2025-07-08 14:07:53,781,tie_silencer,resistance,10,9,4,4,Alderaan
2025-07-08 14:07:52,782,stormtrooper,resistance,1,1,7,10,Sullust
2025-07-08 14:07:51,783,tie_silencer,resistance,8,2,1,9,Socorro
2025-07-08 14:07:50,784,at-at,empire,4,2,10,2,Malastare
2025-07-08 14:07:49,785,tie_silencer,empire,7,1,4,10,Ojom
2025-07-08 14:07:48,786,x-wing,resistance,6,10,1,10,Alderaan
2025-07-08 14:07:47,787,at-st,resistance,8,3,1,4,Glee Anselm
2025-07-08 14:07:46,788,at-at,resistance,6,9,3,6,Sullust
2025-07-08 14:07:45,789,stormtrooper,empire,5,2,3,2,Bestine IV
2025-07-08 14:07:44,790,at-at,empire,9,3,5,7,Dorin
2025-07-08 14:07:43,791,at-st,empire,8,2,8,4,Toydaria
2025-07-08 14:07:42,792,at-at,empire,2,10,4,5,Ryloth
2025-07-08 14:07:41,793,stormtrooper,empire,2,4,10,8,Skako
2025-07-08 14:07:40,794,resistance_soldier,resistance,5,6,2,5,Alderaan
2025-07-08 14:07:39,795,at-st,empire,3,7,10,6,Cerea
2025-07-08 14:07:38,796,tie_fighter,empire,2,6,4,9,Quermia
2025-07-08 14:07:37,797,at-at,empire,6,8,8,4,Tund
2025-07-08 14:07:36,798,tie_silencer,resistance,3,7,6,1,Kashyyyk
2025-07-08 14:07:35,799,at-st,empire,4,3,2,7,Socorro
2025-07-08 14:07:34,800,tie_fighter,resistance,3,9,5,3,Sullust
2025-07-08 14:07:33,801,tie_silencer,empire,4,3,5,8,Skako
2025-07-08 14:07:32,802,tie_fighter,empire,9,7,9,6,Socorro
2025-07-08 14:07:31,803,unknown,resistance,1,2,3,1,Ojom
2025-07-08 14:07:30,804,at-at,resistance,3,2,10,1,Tatooine
2025-07-08 14:07:29,805,x-wing,resistance,9,3,7,3,Sullust
2025-07-08 14:07:28,806,x-wing,resistance,3,5,5,10,Haruun Kal
2025-07-08 14:07:27,807,at-st,empire,5,6,4,4,Socorro
2025-07-08 14:07:26,808,stormtrooper,resistance,2,1,6,4,Chandrila
2025-07-08 14:07:25,809,at-st,resistance,4,5,7,5,Aleen Minor
2025-07-08 14:07:24,810,tie_fighter,resistance,3,2,2,2,Chandrila
2025-07-08 14:07:23,811,at-st,resistance,1,8,8,1,Dorin
2025-07-08 14:07:22,812,x-wing,resistance,10,8,7,2,Dathomir
2025-07-08 14:07:21,813,stormtrooper,resistance,9,9,7,10,Mon Cala
2025-07-08 14:07:20,814,stormtrooper,empire,5,8,8,4,Malastare
2025-07-08 14:07:19,815,at-at,empire,6,10,5,8,Dagobah
2025-07-08 14:07:18,816,x-wing,resistance,8,8,8,4,Kalee
2025-07-08 14:07:17,817,stormtrooper,resistance,6,5,4,7,Alderaan
2025-07-08 14:07:16,818,x-wing,empire,3,10,7,8,Naboo
2025-07-08 14:07:15,819,stormtrooper,empire,5,10,2,5,Troiken
2025-07-08 14:07:14,820,stormtrooper,resistance,3,2,4,8,Haruun Kal
2025-07-08 14:07:13,821,tie_silencer,empire,5,7,3,1,Vulpter
2025-07-08 14:07:12,822,unknown,resistance,10,3,1,9,Naboo
2025-07-08 14:07:11,823,resistance_soldier,resistance,3,7,3,5,Kashyyyk
2025-07-08 14:07:10,824,resistance_soldier,resistance,4,8,9,9,Champala
2025-07-08 14:07:09,825,resistance_soldier,empire,7,3,3,7,Serenno
2025-07-08 14:07:08,826,tie_silencer,empire,4,8,3,2,Cerea
2025-07-08 14:07:07,827,at-st,resistance,4,2,2,8,Glee Anselm
2025-07-08 14:07:06,828,stormtrooper,empire,6,2,2,4,Bestine IV
2025-07-08 14:07:05,829,unknown,empire,7,4,5,2,Trandosha
2025-07-08 14:07:04,830,at-st,resistance,8,7,5,5,Chandrila
2025-07-08 14:07:03,831,stormtrooper,empire,2,5,6,9,Toydaria
2025-07-08 14:07:02,832,tie_fighter,empire,3,5,6,6,Naboo
2025-07-08 14:07:01,833,resistance_soldier,empire,4,6,6,10,Naboo
2025-07-08 14:07:00,834,tie_fighter,resistance,8,9,2,8,Ryloth
2025-07-08 14:06:59,835,at-st,resistance,4,10,5,9,Sullust
2025-07-08 14:06:58,836,resistance_soldier,empire,6,8,6,10,Dathomir
2025-07-08 14:06:57,837,stormtrooper,empire,9,1,7,3,Kalee
2025-07-08 14:06:56,838,at-at,resistance,5,8,1,4,Umbara
2025-07-08 14:06:55,839,x-wing,resistance,10,5,8,1,Kalee
2025-07-08 14:06:54,840,unknown,resistance,3,9,1,1,Kashyyyk
2025-07-08 14:06:53,841,at-at,empire,5,4,1,9,Dagobah
2025-07-08 14:06:52,842,stormtrooper,resistance,6,1,10,10,Ryloth
2025-07-08 14:06:51,843,at-st,empire,2,10,8,1,Dagobah
2025-07-08 14:06:50,844,resistance_soldier,empire,6,5,6,5,Tatooine
2025-07-08 14:06:49,845,tie_fighter,resistance,4,5,2,4,Bestine IV
2025-07-08 14:06:48,846,tie_silencer,resistance,10,9,4,7,Shili
2025-07-08 14:06:47,847,at-st,resistance,1,10,2,6,Aleen Minor
2025-07-08 14:06:46,848,tie_silencer,resistance,5,7,9,4,Corellia
2025-07-08 14:06:45,849,at-st,empire,6,4,4,2,Dathomir
2025-07-08 14:06:44,850,stormtrooper,resistance,4,3,5,4,Socorro
2025-07-08 14:06:43,851,at-st,resistance,10,7,5,9,Shili
2025-07-08 14:06:42,852,at-at,empire,3,4,1,4,Eriadu
2025-07-08 14:06:41,853,at-at,empire,8,7,10,1,Zolan
2025-07-08 14:06:40,854,x-wing,resistance,4,7,4,10,Naboo
2025-07-08 14:06:39,855,unknown,empire,4,4,3,4,Dorin
2025-07-08 14:06:38,856,tie_fighter,empire,9,2,2,7,Corellia
2025-07-08 14:06:37,857,at-st,empire,10,8,1,8,Quermia
2025-07-08 14:06:36,858,at-at,empire,9,10,3,2,Vulpter
2025-07-08 14:06:35,859,resistance_soldier,empire,7,10,6,1,Quermia
2025-07-08 14:06:34,860,x-wing,resistance,6,7,6,7,Dagobah
2025-07-08 14:06:33,861,at-at,resistance,1,7,5,2,Umbara
2025-07-08 14:06:32,862,resistance_soldier,resistance,5,10,2,2,Haruun Kal
2025-07-08 14:06:31,863,unknown,empire,4,2,7,6,Skako
2025-07-08 14:06:30,864,unknown,empire,2,3,7,6,Serenno
2025-07-08 14:06:29,865,at-st,empire,8,6,1,9,Cerea
2025-07-08 14:06:28,866,tie_silencer,resistance,1,4,8,10,Dorin
2025-07-08 14:06:27,867,at-at,resistance,10,8,7,3,Alderaan
2025-07-08 14:06:26,868,tie_fighter,resistance,4,10,10,9,Toydaria
2025-07-08 14:06:25,869,at-st,resistance,2,2,3,9,Dorin
2025-07-08 14:06:24,870,tie_silencer,resistance,7,9,10,5,Iktotch
2025-07-08 14:06:23,871,resistance_soldier,empire,10,10,2,7,Tund
2025-07-08 14:06:22,872,tie_fighter,empire,1,5,9,9,Corellia
2025-07-08 14:06:21,873,at-st,resistance,7,6,10,7,Tholoth
2025-07-08 14:06:20,874,resistance_soldier,resistance,1,5,1,4,Champala
2025-07-08 14:06:19,875,at-at,empire,10,6,5,4,Iridonia
2025-07-08 14:06:18,876,resistance_soldier,resistance,7,7,10,7,Ojom
2025-07-08 14:06:17,877,at-at,resistance,2,1,10,9,Dagobah
2025-07-08 14:06:16,878,unknown,empire,6,4,9,9,Iridonia
2025-07-08 14:06:15,879,at-st,empire,5,3,4,5,Chandrila
2025-07-08 14:06:14,880,at-st,empire,2,4,8,1,Tatooine
2025-07-08 14:06:13,881,tie_fighter,resistance,6,2,6,9,Sullust
2025-07-08 14:06:12,882,tie_fighter,empire,9,1,2,1,Shili
2025-07-08 14:06:11,883,at-at,resistance,1,8,4,8,Alderaan
2025-07-08 14:06:10,884,resistance_soldier,resistance,8,6,4,6,Serenno
2025-07-08 14:06:09,885,stormtrooper,resistance,8,4,1,9,Naboo
2025-07-08 14:06:08,886,at-at,resistance,1,1,1,9,Malastare
2025-07-08 14:06:07,887,at-st,empire,9,6,1,1,Haruun Kal
2025-07-08 14:06:06,888,at-at,empire,6,2,4,2,Rodia
2025-07-08 14:06:05,889,unknown,resistance,7,6,9,4,Ojom
2025-07-08 14:06:04,890,resistance_soldier,empire,3,6,2,5,Malastare
2025-07-08 14:06:03,891,unknown,resistance,8,2,2,5,Eriadu
2025-07-08 14:06:02,892,unknown,resistance,2,8,8,9,Malastare
2025-07-08 14:06:01,893,at-at,resistance,3,10,2,8,Aleen Minor
2025-07-08 14:06:00,894,at-st,empire,1,3,3,5,Rodia
2025-07-08 14:05:59,895,unknown,resistance,3,9,4,3,Umbara
2025-07-08 14:05:58,896,stormtrooper,resistance,10,8,6,2,Shili
2025-07-08 14:05:57,897,stormtrooper,empire,7,2,6,9,Trandosha
2025-07-08 14:05:56,898,tie_fighter,resistance,6,6,8,3,Concord Dawn
2025-07-08 14:05:55,899,tie_fighter,resistance,6,5,9,1,Socorro
2025-07-08 14:05:54,900,x-wing,resistance,3,1,6,6,Socorro
2025-07-08 14:05:53,901,resistance_soldier,empire,2,9,6,3,Dagobah
2025-07-08 14:05:52,902,at-at,empire,5,1,10,8,Toydaria
2025-07-08 14:05:51,903,unknown,resistance,9,8,9,1,Iktotch
2025-07-08 14:05:50,904,x-wing,resistance,7,10,5,10,Tholoth
2025-07-08 14:05:49,905,x-wing,empire,9,6,10,5,Concord Dawn
2025-07-08 14:05:48,906,x-wing,resistance,1,10,6,8,Glee Anselm
2025-07-08 14:05:47,907,tie_fighter,empire,10,3,3,2,Rodia
2025-07-08 14:05:46,908,tie_fighter,resistance,6,9,4,2,Bestine IV
2025-07-08 14:05:45,909,x-wing,resistance,10,2,4,7,Alderaan
2025-07-08 14:05:44,910,tie_fighter,resistance,7,7,10,8,Iridonia
2025-07-08 14:05:43,911,resistance_soldier,resistance,8,2,9,10,Haruun Kal
2025-07-08 14:05:42,912,x-wing,resistance,10,9,9,5,Chandrila
2025-07-08 14:05:41,913,at-st,resistance,4,6,9,10,Sullust
2025-07-08 14:05:40,914,resistance_soldier,empire,7,2,2,5,Trandosha
2025-07-08 14:05:39,915,unknown,empire,7,1,10,7,Skako
2025-07-08 14:05:38,916,resistance_soldier,empire,10,5,6,8,Skako
2025-07-08 14:05:37,917,at-st,resistance,6,2,9,6,Zolan
2025-07-08 14:05:36,918,stormtrooper,empire,6,10,5,2,Umbara
2025-07-08 14:05:35,919,at-at,empire,8,5,10,8,Glee Anselm
2025-07-08 14:05:34,920,tie_fighter,empire,5,6,5,9,Toydaria
2025-07-08 14:05:33,921,at-st,empire,8,1,4,3,Quermia
2025-07-08 14:05:32,922,tie_silencer,empire,7,6,4,9,Concord Dawn
2025-07-08 14:05:31,923,at-st,empire,9,2,3,9,Umbara
2025-07-08 14:05:30,924,at-st,empire,3,7,6,7,Cerea
2025-07-08 14:05:29,925,stormtrooper,resistance,1,8,1,2,Iridonia
2025-07-08 14:05:28,926,resistance_soldier,resistance,3,1,2,9,Kalee
2025-07-08 14:05:27,927,tie_fighter,resistance,7,6,8,5,Socorro
2025-07-08 14:05:26,928,tie_silencer,empire,7,7,8,6,Ojom
2025-07-08 14:05:25,929,tie_fighter,empire,10,8,5,4,Tatooine
2025-07-08 14:05:24,930,tie_fighter,empire,5,10,2,1,Naboo
2025-07-08 14:05:23,931,at-at,empire,9,7,3,9,Umbara
2025-07-08 14:05:22,932,x-wing,resistance,1,2,8,3,Muunilinst
2025-07-08 14:05:21,933,at-at,resistance,8,1,9,5,Haruun Kal
2025-07-08 14:05:20,934,resistance_soldier,resistance,1,9,10,3,Bestine IV
2025-07-08 14:05:19,935,unknown,empire,1,6,9,1,Malastare
2025-07-08 14:05:18,936,at-st,empire,5,1,6,3,Skako
2025-07-08 14:05:17,937,at-st,resistance,3,8,5,2,Socorro
2025-07-08 14:05:16,938,tie_silencer,resistance,7,1,2,5,Cerea
2025-07-08 14:05:15,939,resistance_soldier,empire,2,3,1,7,Cerea
2025-07-08 14:05:14,940,at-st,empire,4,3,5,1,Concord Dawn
2025-07-08 14:05:13,941,resistance_soldier,empire,6,9,1,4,Tatooine
2025-07-08 14:05:12,942,at-st,resistance,8,8,4,6,Shili
2025-07-08 14:05:11,943,at-st,empire,10,10,6,9,Skako
2025-07-08 14:05:10,944,resistance_soldier,resistance,2,3,1,6,Glee Anselm
2025-07-08 14:05:09,945,unknown,empire,2,8,5,9,Naboo
2025-07-08 14:05:08,946,tie_silencer,empire,5,1,5,5,Serenno
2025-07-08 14:05:07,947,resistance_soldier,empire,10,1,2,3,Concord Dawn
2025-07-08 14:05:06,948,unknown,empire,2,3,6,3,Naboo
2025-07-08 14:05:05,949,at-st,empire,3,6,2,10,Mirial
2025-07-08 14:05:04,950,unknown,empire,2,2,2,3,Concord Dawn
2025-07-08 14:05:03,951,at-at,empire,6,2,4,2,Zolan
2025-07-08 14:05:02,952,unknown,resistance,5,1,7,2,Kalee
2025-07-08 14:05:01,953,stormtrooper,empire,7,5,8,7,Troiken
2025-07-08 14:05:00,954,resistance_soldier,resistance,1,4,10,10,Trandosha
2025-07-08 14:04:59,955,at-at,resistance,10,5,2,7,Dathomir
2025-07-08 14:04:58,956,at-st,resistance,3,8,9,5,Bestine IV
2025-07-08 14:04:57,957,at-at,resistance,2,2,6,9,Chandrila
2025-07-08 14:04:56,958,unknown,resistance,3,8,5,2,Tholoth
2025-07-08 14:04:55,959,stormtrooper,resistance,10,1,6,3,Kalee
2025-07-08 14:04:54,960,unknown,empire,1,4,4,9,Shili
2025-07-08 14:04:53,961,at-at,empire,1,6,7,8,Mirial
2025-07-08 14:04:52,962,stormtrooper,resistance,2,1,2,4,Kashyyyk
2025-07-08 14:04:51,963,x-wing,resistance,7,4,4,7,Haruun Kal
2025-07-08 14:04:50,964,x-wing,empire,8,10,10,4,Dorin
2025-07-08 14:04:49,965,stormtrooper,resistance,1,7,4,8,Mon Cala
2025-07-08 14:04:48,966,resistance_soldier,empire,6,1,5,1,Dagobah
2025-07-08 14:04:47,967,at-st,resistance,1,9,8,3,Chandrila
2025-07-08 14:04:46,968,x-wing,empire,4,2,4,10,Troiken
2025-07-08 14:04:45,969,tie_silencer,empire,4,6,2,10,Skako
2025-07-08 14:04:44,970,x-wing,resistance,7,4,1,7,Alderaan
2025-07-08 14:04:43,971,stormtrooper,resistance,10,8,2,9,Dorin
2025-07-08 14:04:42,972,x-wing,empire,7,6,1,7,Trandosha
2025-07-08 14:04:41,973,stormtrooper,empire,10,10,7,6,Eriadu
2025-07-08 14:04:40,974,x-wing,empire,7,1,1,7,Mon Cala
2025-07-08 14:04:39,975,tie_silencer,empire,10,5,2,7,Eriadu
2025-07-08 14:04:38,976,at-st,empire,7,10,10,8,Toydaria
2025-07-08 14:04:37,977,tie_silencer,empire,1,9,8,2,Troiken
2025-07-08 14:04:36,978,at-at,resistance,5,3,8,6,Vulpter
2025-07-08 14:04:35,979,resistance_soldier,empire,6,8,9,1,Bestine IV
2025-07-08 14:04:34,980,tie_fighter,resistance,9,6,10,5,Mirial
2025-07-08 14:04:33,981,unknown,resistance,1,6,8,9,Alderaan
2025-07-08 14:04:32,982,at-st,resistance,7,5,2,4,Chandrila
2025-07-08 14:04:31,983,at-at,empire,3,6,1,2,Skako
2025-07-08 14:04:30,984,at-at,resistance,2,10,5,3,Naboo
2025-07-08 14:04:29,985,tie_silencer,empire,3,9,9,2,Muunilinst
2025-07-08 14:04:28,986,tie_silencer,empire,10,10,2,5,Toydaria
2025-07-08 14:04:27,987,tie_silencer,empire,7,2,4,2,Stewjon
2025-07-08 14:04:26,988,stormtrooper,resistance,4,1,3,8,Skako
2025-07-08 14:04:25,989,tie_silencer,resistance,9,7,1,9,Socorro
2025-07-08 14:04:24,990,stormtrooper,resistance,10,4,1,2,Socorro
2025-07-08 14:04:23,991,stormtrooper,empire,10,5,7,7,Malastare
2025-07-08 14:04:22,992,x-wing,empire,1,4,3,10,Malastare
2025-07-08 14:04:21,993,x-wing,empire,4,7,10,6,Iktotch
2025-07-08 14:04:20,994,unknown,empire,6,7,6,5,Concord Dawn
2025-07-08 14:04:19,995,at-at,empire,3,5,1,3,Malastare
2025-07-08 14:04:18,996,unknown,resistance,1,7,9,3,Kashyyyk
2025-07-08 14:04:17,997,unknown,resistance,10,8,7,5,Ryloth
2025-07-08 14:04:16,998,x-wing,empire,1,7,1,2,Dagobah
2025-07-08 14:04:15,999,tie_fighter,empire,4,3,8,2,Serenno
2025-07-08 14:04:14,1000,tie_fighter,resistance,4,9,5,6,Haruun Kal
